route,Ville,route,pre,route
route,Ville,pre,route,route
blason,blason,blason,route,blason
route,Ville,pre,route,route
route,Ville,Ville,route,Ville
blason,pre,blason,blason,blason
blason,pre,pre,blason,blason
pre,route,route,route,village
route,route,pre,pre,route
route,route,pre,pre,route
pre,pre,Ville,pre,pre
pre,pre,Ville,Ville,Ville
pre,pre,Ville,pre,pre
route,route,pre,route,village
pre,pre,pre,pre,abbaye
pre,Ville,Ville,pre,pre
route,route,Ville,route,village
pre,blason,pre,blason,blason
route,Ville,route,pre,route
pre,Ville,route,route,route
blason,blason,route,route,blason
Ville,Ville,pre,Ville,Ville
pre,Ville,pre,Ville,pre
Ville,Ville,route,route,Ville
pre,Ville,pre,Ville,pre
blason,blason,blason,blason,blason
Ville,route,Ville,Ville,Ville
pre,pre,Ville,Ville,Ville
route,route,pre,route,village
pre,route,pre,route,route
pre,route,route,pre,route
abbaye,abbaye,abbaye,route,abbaye
route,route,pre,pre,route
pre,route,pre,route,route
Ville,Ville,pre,Ville,Ville
Ville,pre,pre,pre,pre
route,route,pre,pre,route
blason,pre,pre,blason,blason
pre,route,pre,route,route
pre,route,route,pre,route
pre,Ville,route,route,route
pre,route,route,route,village
pre,Ville,route,route,route
abbaye,abbaye,abbaye,abbaye,abbaye
route,pre,route,pre,route
pre,blason,pre,blason,blason
pre,route,route,pre,route
pre,route,pre,route,route
pre,route,pre,route,route
route,Ville,pre,route,route
route,Ville,route,pre,route
abbaye,abbaye,abbaye,abbaye,abbaye
route,Ville,route,pre,route
pre,pre,Ville,pre,pre
abbaye,abbaye,abbaye,abbaye,abbaye
pre,Ville,Ville,pre,pre
Ville,Ville,pre,Ville,Ville
Ville,pre,Ville,pre,Ville
pre,route,pre,route,route
pre,pre,Ville,pre,pre
route,route,Ville,route,village
pre,pre,Ville,Ville,Ville
pre,route,pre,route,route
Ville,Ville,route,route,Ville
route,route,Ville,route,village
route,route,pre,pre,route
route,route,route,route,village
Ville,Ville,route,route,Ville
blason,blason,blason,route,blason
route,route,pre,pre,route
abbaye,abbaye,abbaye,route,abbaye
pre,Ville,pre,Ville,pre
